Embryo,Cntl Area,Expt Area,ID
Emb1,1.1998874007568527,1.059833461837319,20180514_Emb1
Emb12,0.7465647458167396,0.6109760441908351,20180514_Emb12
Emb13,0.8439949750516176,0.6127240616051496,20180514_Emb13
Emb3,1.9134764339898591,2.2030619112725254,20180514_Emb3
Emb6,0.6224678259870366,0.8142900068999738,20180514_Emb6
Emb7,1.0492999631877924,0.9591780763670421,20180514_Emb7
Emb8,0.6243086552101023,0.7399364378271558,20180514_Emb8
