Embryo,Cntl Sox9,Expt Sox9,Expt/Cntl Sox9,ID
Emb2,41.333333333333336,32.0,0.7741935483870968,20171016_Emb2
Emb5,40.333333333333336,27.333333333333332,0.6776859504132231,20171016_Emb5
Emb9,20.333333333333332,18.333333333333332,0.9016393442622951,20171016_Emb9
