Embryo,Cntl Sox9,Expt Sox9,Expt/Cntl Sox9,ID
Emb2,41.333333333333336,32.0,0.7741935483870968,20171016_Emb2
Emb3,31.0,30.333333333333332,0.9784946236559139,20171016_Emb3
Emb5,40.333333333333336,27.333333333333332,0.6776859504132231,20171016_Emb5
Emb6,34.666666666666664,42.666666666666664,1.2307692307692308,20171016_Emb6
Emb7,22.333333333333332,21.666666666666668,0.9701492537313434,20171016_Emb7
Emb8,28.0,20.333333333333332,0.7261904761904762,20171016_Emb8
Emb9,15.333333333333334,16.333333333333332,1.0652173913043477,20171016_Emb9
