Embryo,Cntl Area,Expt Area,ID
Emb1,1.1103719433895285,0.9374001724812587,20180418_Emb1
Emb2snai2,1.4196443752182901,1.3889097154469885,20180418_Emb2snai2
Emb4snai2,1.1696813209479016,1.1223413236203919,20180418_Emb4snai2
Emb5,1.4988050066310092,1.2646389584806892,20180418_Emb5
Emb5snai2,0.39587424548067557,0.5472754823668189,20180418_Emb5snai2
Emb6,0.6745386786065479,1.1387559499323525,20180418_Emb6
Emb7,0.7310844297260483,0.6006783976714998,20180418_Emb7
