Embryo,Cntl Pax7,Expt Pax7,Expt/Cntl Pax7,ID
Emb2,63.0,61.333333333333336,0.9735449735449736,20171016_Emb2
Emb5,67.66666666666667,45.666666666666664,0.6748768472906403,20171016_Emb5
Emb9,26.666666666666668,39.0,1.4625,20171016_Emb9
