Embryo,Intensity
Emb1,0.6742158332164697
Emb2,0.7687630173336646
Emb3,0.7770149621832482
Emb4,0.8846691880707179
Emb5,0.6126676134661106
Emb9,1.0820117228493633
