Image,Cntl Area,Expt Area,Expt/Cntl Area,Norm Cntl Area,Norm Expt Area
"20181102_SMPD3gRNA1RNP_0,35ugul_Pax7Laminin_Emb2_8ss_10x",54788.931,46606.95,0.8506636130571702,1.3690000469430574,1.164558526208017
"20181102_SMPD3gRNA1RNP_0,35ugul_Pax7Laminin_Emb3_7ss_10x",56474.135,44153.345,0.7818330462254978,1.4111079018144845,1.103250789428489
"20181102_SMPD3gRNA1RNP_0,35ugul_Pax7Laminin_Emb6_7ss_10x",34125.388999999996,26955.85,0.7899060139651449,0.8526842610407948,0.6735404258095493
"20181102_SMPD3gRNA1RNP_0,35ugul_Pax7Laminin_Emb7_7ss_10x",31746.811,25588.065,0.8060042629163603,0.7932512088854659,0.6393638559252417
"20181102_SMPD3gRNA1RNP_0,35ugul_Sox9Cad6b_Emb1_7ss_10x",35137.007000000005,32187.898999999998,0.9160683207878233,0.8779613574216031,0.8042725864098059
"20181102_SMPD3gRNA1RNP_0,35ugul_Sox9Cad6b_Emb4_7ss_10x",30040.995,25846.946,0.8603891449001606,0.7506283260977689,0.6458324636290983
"20181102_SMPD3gRNA1RNP_0,35ugul_Sox9Cad6b_Emb5_7ss_10x",37834.653,23655.521,0.6252342528422291,0.9453668977968249,0.5910757660057737
