Image,Cntl Area,Expt Area,Expt/Cntl Area,Norm Cntl Area,Norm Expt Area
20171016_SMPD3gRNA1DNA_Pax7Sox9_Emb2_7ss_10x,75291.30099999999,51738.422,0.6871766234986431,0.886079373681104,0.6088930321579734
20171016_SMPD3gRNA1DNA_Pax7Sox9_Emb5_9ss_10x,80357.839,88925.67,1.1066209732195509,0.9457058478971827,1.046537925779401
20171016_SMPD3gRNA1DNA_Pax7Sox9_Emb9_9ss_10x,83373.317,77197.87400000001,0.9259302229752957,0.9811940493507496,0.9085172248973729
20180418_SMPD3gRNA1DNA_Pax7NcadLaminin_Emb1_8ss_10x,71843.804,51341.649000000005,0.7146287660380567,0.8455068780281536,0.6042235369219492
20180418_SMPD3gRNA1DNA_Pax7NcadLaminin_Emb5_9ss_10x,107900.3,65898.593,0.6107359571752812,1.2698443110181246,0.7755395807532398
20180418_SMPD3gRNA1DNA_Pax7NcadLaminin_Emb7_8ss_10x,53975.605,34435.805,0.6379883097188072,0.6352217273076297,0.4052640361016558
20180418_SMPD3gRNA1DNA_Snai2Cad6b_Emb2_9ss_10x,116946.52699999999,81341.425,0.6955437419702084,1.3763064792616655,0.9572813586835018
20180418_SMPD3gRNA1DNA_Snai2Cad6b_Emb4_8ss_10x,90081.569,58247.154,0.6466045679111118,1.0601413334553904,0.6854922288436325
