Embryo,Cntl Area,Expt Area,ID
Emb2,1.0162034173106138,0.8508748058621495,20180630_Emb2
Emb3,1.494977647318413,1.0170902927803114,20180630_Emb3
Emb4,1.0643318542317617,1.1375972892207284,20180630_Emb4
Emb5,0.9733858435494223,0.9630936233196671,20180630_Emb5
Emb7,0.5535588490396802,0.9221857796854054,20180630_Emb7
Emb8,0.8975423885501101,1.1091582091317393,20180630_Emb8
