Embryo,Cntl Area,Expt Area,ID
Emb2,0.8356872453782289,0.6626338621953385,20171016_Emb2
Emb5,0.989167873090187,1.2564387297330644,20171016_Emb5
Emb9,1.1751448815315837,1.0809274080715976,20171016_Emb9
